{"cameraMode":{"drawMode":0,"name":"Shaded","section":"Shading Mode"},"sceneLighting":false,"audioPlay":false,"sceneViewState":{"showFog":true,"showMaterialUpdate":false,"showSkybox":true,"showFlares":true,"showImageEffects":true,"showParticleSystems":true},"in2DMode":false,"pivot":{"x":-5.687201023101807,"y":3.9766297340393068,"z":-0.30898869037628176},"rotation":{"x":-0.5105549693107605,"y":-0.4892668128013611,"z":0.4907618463039398,"w":-0.509023129940033},"size":65.50286865234375,"orthographic":false}