{"cameraMode":{"drawMode":0,"name":"Shaded","section":"Shading Mode"},"sceneLighting":false,"audioPlay":false,"sceneViewState":{"showFog":true,"showMaterialUpdate":false,"showSkybox":true,"showFlares":true,"showImageEffects":true,"showParticleSystems":true},"in2DMode":false,"pivot":{"x":-0.1612091064453125,"y":1.2666206359863282,"z":0.4794464111328125},"rotation":{"x":-0.31074780225753786,"y":0.45570236444473269,"z":-0.1735629439353943,"w":-0.8158720135688782},"size":295.621826171875,"orthographic":false}